powertrain,total_stock
FCEV,543232.900000095
PHEV,8.1104113E7
BEV,1.9340326E8
